[{
  "id": "D42202001387",
  "Beacon_Name": "Kiran_Beacon_1",
  "Gateway_ID": "",
  "Proximity": "",
  "color": "",
  "status":"NA"
}, {
  "id": "D42202001385",
  "Beacon_Name": "Kiran_Beacon_2",
  "Gateway_ID": "",
  "Proximity": "",
  "color": "",
  "status":"NA"
},
{
  "id": "D42202001388",
  "Beacon_Name": "AMD_Beacon_1",
  "Gateway_ID": "",
  "Proximity": "",
  "color": "",
  "status":"NA"
}, {
  "id": "D42202001383",
  "Beacon_Name": "AMD_Beacon_2",
  "Gateway_ID": "",
  "Proximity": "",
  "color": "",
  "status":"NA"
},
{
  "id": "D42202001380",
  "Beacon_Name": "AMD_Beacon_3",
  "Gateway_ID": "",
  "Proximity": "",
  "color": "",
  "status":"NA"
}, {
  "id": "D4220200137F",
  "Beacon_Name": "AMD_Beacon_4",
  "Gateway_ID": "",
  "Proximity": "",
  "color": "",
  "status":"NA"
},
{
  "id": "D4220200137E",
  "Beacon_Name": "AMD_Beacon_5",
  "Gateway_ID": "",
  "Proximity": "",
  "color": "",
  "status":"NA"
}]